Exp,Video,Window,Type,Algo,Time,interIntervalTimeDP,interIntervalTimeDP_GT100,AvgTimeBWDPK,AvgTimeBWDPK_GT100,DThroughput,DTTime,DTotal_Packets,DTotal_Packets_GT100,STD_Less,STD_GT,EMA,DEMA,CUSUM,10P,20P,30P,40P,50P,60P,70P,80P,90P,10T,20T,30T,40T,50T,60T,70T,80T,90T
1,Tears,1,4g,bba,0,0.1830151081085205,0.174417,0.008715005148024786,0.01937966666666666666666666667,396688.5616730131,72600.0,22,10,571.3569772520026,615.527586709158,0.08425592390416482,3.018468389511109,0.9268958568572998,52.0,52.0,52.0,55.2,60.0,120.0,155.0,1158.8000000000004,1476.0000000000005,363729.5340695473,657448.1274491851,766922.708710989,1002135.4153517056,1029982.2289091886,1109544.1730352042,1121084.7404496951,1129093.9800569993,1297626.6913207206
1,Tears,1,4g,bba,1,0.6399679183959961,0,0.15999197959899902,0,23038.654870316142,14744.0,5,1,617.2155539193743,0.0,0.1383451979062557,0.8664450168609619,0.8132419586181641,55.2,58.4,60.8,62.4,64.0,64.0,64.0,371.8000000000003,987.4000000000001,15819.906799759303,16304.47851900302,16789.05023824674,17052.060898415166,17204.29102904595,17356.521159676737,17936.068598717615,19370.250654578685,20804.432710439756
1,Tears,1,4g,bba,2,0.8165938854217529,0.816594,0.09073265393575032,0.1633188,65031.101687190494,53104.0,10,6,781.8384487859369,778.2057711314035,6.984033671250214,7.683762724399567,7.324331045150757,52.0,52.0,57.599999999999994,117.0,231.0,485.7999999999997,905.8,1308.0,1594.5999999999997,7933.167471958139,8327.307439023398,14410.162931302566,23552.65505328777,24738.85308276697,25146.505507020967,25531.76962505693,30658.180893289562,42856.2547689516
1,Tears,1,4g,bba,4,0.004545927047729492,0,0.0015153090159098308,0,2942414.134578067,13376.0,4,1,624.7015287319217,0.0,0.0005571865558624268,0.03597579717636111,0.006031036376953125,54.4,56.8,59.2,60.0,60.0,60.0,203.9999999999995,636.0000000000005,1068.0000000000002,388039.66308281326,473390.7907903708,558741.9184979283,644093.0462054859,729444.1739130435,1151472.382853989,1573500.5917949344,1995528.8007358804,2417557.0096768257
1,Tears,1,4g,bba,5,0.29695701599121094,0.296957,0.026996092362837357,0.0593914,46794.651251517425,13896.0,12,6,96.34929942661752,36.89512162874653,0.011554701069073104,0.8947959733009345,0.3481919765472412,52.0,52.0,52.0,52.0,103.5,214.39999999999998,254.0,254.0,254.0,711294.6380749714,865081.1809263062,983209.7652481076,992562.5675587821,1056103.0502484816,1184534.5509732761,1199858.1100410032,1369392.887063655,1587587.5946275946
1,Tears,1,4g,bba,6,0.21743392944335938,0.217228,0.016725686880258415,0.03620466666666666666666666667,79619.58855418516,17312.0,14,7,100.90498662866277,1.2936264483053452,0.008010308238208174,1.3325037503242503,0.5580575466156006,52.0,52.0,52.0,54.400000000000006,159.0,254.0,254.2,256.0,256.7,98438.25767186224,218012.59928443815,904910.5851310119,1363321.6956875648,1447353.6073091452,1566224.9274869293,1636638.0334752046,1668737.7953720556,1704939.8128994626
1,Tears,1,4g,bba,7,0.5358250141143799,0.506265,0.06697812676429749,0.07232357142857142857142857143,31383.3799412925,16816.0,9,8,64.19434227598967,0.82915619758885,0.2525394114235473,2.9769966793060307,2.7218503952026367,214.4,255.0,255.4,256.0,256.0,256.8,257.0,257.0,257.0,10922.563931745906,13212.114007906617,14499.66948130876,17485.35623761993,21179.04715388167,24730.98114208513,27220.518650192298,28811.01024643362,31311.978840586038
1,Tears,1,4g,bba,8,0.004091024398803711,0.004091,0.0005113780498504639,0.00102275,2901962.648639198,11872.0,9,5,100.97133195389279,0.4,0.003080453142014471,0.29836736679077175,0.018522262573242188,52.0,52.0,52.0,92.60000000000004,255.0,255.0,255.0,255.0,255.2,2333248.339101676,2374087.0118161794,2413916.9027078594,2501853.464450915,2535490.0018055392,2552850.2208622377,2583819.6685625534,3051433.4144415595,3966569.8592826687
1,Tears,1,4g,bba,9,0.12506413459777832,0.005644,0.013896014955308702,0.001411,98509.45708474008,12320.0,10,5,102.0,0.0,0.007786618298010693,0.512304668426514,0.1537766456604004,52.0,52.0,52.0,52.0,154.0,256.0,256.0,256.0,256.0,1082831.2859624017,1455102.1455066008,1566914.8815578707,1611499.0388042904,1620394.567425375,1657508.5170080625,1714466.9301102455,1762352.6744842026,1989536.029779056
1,Tears,1,4g,bba,10,0.4198009967803955,0.419801,0.04198009967803955,0.0839602,34454.42033470527,14464.0,11,6,100.43475740931406,0.0,3.6027314792435106,4.58636485338211,4.140125513076782,52.0,52.0,52.0,64.0,256.0,256.0,256.0,256.0,256.0,6072.945739656718,10068.056228417423,11737.005560919446,14968.6102479993,17417.97114874931,19859.327069643237,23076.065096951177,24730.32859576321,28718.43404274614
1,Tears,1,4g,bba,11,0.4198009967803955,0,0.0,0,990.9457175910808,416.0,1,0,0.0,0.0,0.0,0.0,0.0,52.0,52.0,52.0,52.0,52.0,52.0,52.0,52.0,52.0,6072.945739656718,10068.056228417423,11737.005560919446,14968.6102479993,17417.97114874931,19859.327069643237,23076.065096951177,24730.32859576321,28718.43404274614
1,Tears,1,4g,bba,12,0.715425968170166,0.715426,0.03765399832474558,0.05503276923076923076923076923,43610.3823290057,31200.0,20,14,93.6162379077476,0.4517539514526256,0.05699529975548001,6.065749928951266,4.399586200714111,52.0,52.0,194.80000000000004,256.0,256.0,256.0,256.0,256.2,257.0,38064.35016489132,41801.046519630974,47645.71451897154,75062.57241397156,341334.3788336876,1452043.8202370724,1499810.0451498032,1683792.4897556677,1759857.5488217336
1,Tears,1,4g,bba,13,0.00457000732421875,0.004570,0.0005077785915798611,0.0011425,2716844.6611018362,12416.0,10,5,100.85712666936332,0.0,0.00022771469873640463,0.38037453174591096,0.020580053329467773,52.0,52.0,52.0,59.2,160.0,256.0,256.0,256.0,256.0,2258110.623426693,2330171.752764947,2450483.031153853,2585506.107925289,2649596.4135003183,2654881.958748778,2837728.4564742306,3885796.158253314,136373937.95653006
1,Tears,1,4g,bba,14,0.11364293098449707,0.004872,0.012626992331610786,0.001218,108409.73471267358,12320.0,10,5,102.0,0.0,0.006150885779092985,0.49249569654464753,0.13378286361694336,52.0,52.0,52.0,52.0,154.0,256.0,256.0,256.0,256.0,1639312.8426717212,2186385.067752942,2296598.4804003774,2298492.9591124216,2298515.6019969815,2308911.808567591,2563342.948327134,2747366.6123514003,2944908.2476440896
1,Tears,1,4g,bba,15,0.4819369316101074,0.414053,0.04819369316101074,0.0828106,29713.43149021218,14320.0,11,6,101.07970833958976,0.0,3.917228345492265,4.639489924907685,4.190436601638794,52.0,52.0,52.0,52.0,255.0,255.0,255.0,255.0,255.0,9447.51451817646,10741.595032704752,14400.389084981703,16472.23130058772,19322.190029189966,22170.895758803825,24233.36584324573,27870.85484406435,28673.030074116992
1,Tears,1,4g,bba,16,0.7597711086273193,0.759771,0.0446924181545482,0.084419,31230.45839801601,23728.0,18,10,100.87261249029532,0.6324555320336759,7.146576578498723,10.327324526309969,8.979901552200317,52.0,52.0,52.0,52.0,254.0,255.0,255.0,255.0,255.3,9477.325614270472,14483.691820410706,18766.7887269612,22315.98960390101,25864.42096234329,28596.760917657415,28842.42092731608,29248.414884116737,29753.27123123695
1,Tears,1,4g,bba,17,0.8719480037689209,0.871948,0.04589200019836426,0.07266233333333333333333333333,33946.978342810035,29600.0,20,13,96.37011985050138,0.46153846153846156,1.3599364811543888,12.989535038471221,11.379494190216064,52.0,52.0,60.400000000000006,255.0,255.0,256.0,256.0,256.0,256.0,22327.024755706272,24633.2148227009,26045.05143006602,27201.174845802685,27387.092549994675,27548.224180675756,27923.005484052617,28227.86095209339,29269.783374885104
1,Tears,1,4g,bba,18,0.16311907768249512,0.005129,0.016311907768249513,0.00128225,77979.84258321385,12720.0,11,5,101.37900413467693,0.4898979485566356,0.5902749064275626,1.1857302522659308,0.7369389533996582,52.0,52.0,52.0,52.0,52.0,255.0,255.0,256.0,256.0,36388.86016773169,44628.89361843609,66560.39175705127,77041.15189743291,81121.24249189002,96807.24207779372,117401.92613003994,126850.62718266682,150337.38942733392
1,Tears,1,4g,bba,19,0.45432090759277344,0.454321,0.0100960201687283,0.01682670370370370370370370370,162862.85478704423,73992.0,46,28,216.93571499949945,232.3461609762644,14.579037912706365,28.542443196773547,18.648671627044678,52.0,52.0,52.0,155.0,255.0,256.0,256.0,256.0,256.0,19328.37760429927,33405.11796112364,46581.28547636986,58831.886706606456,70827.9542620941,84212.39665844453,97584.80568770993,114449.56684581834,132904.120280818
1,Tears,1,4g,bba,21,0.45432090759277344,0,0.00017786026000976562,0,51223.704678939524,23272.0,2,2,0.0,0.0,0.0,0.0,0.00017786026000976562,1298.9,1337.8,1376.7,1415.6,1454.5,1493.4,1532.3,1571.2,1610.1,56673705.522788204,56673705.522788204,56673705.522788204,56673705.522788204,56673705.522788204,56673705.522788204,56673705.522788204,56673705.522788204,56673705.522788204
1,Tears,1,4g,bba,22,0.7612860202789307,0.754508,0.054377572877066474,0.1257513333333333333333333333,35319.182651151794,26888.0,15,7,352.83961732713004,443.1015454631553,0.07687879120318666,5.361004977226258,4.49560022354126,52.0,52.0,52.0,56.800000000000004,64.0,194.60000000000002,254.0,254.0,254.0,35947.1153295803,39558.61834106542,42714.42561793017,52962.90614896221,57678.466179518015,63923.02679448582,73114.93409556596,135603.94385475834,172609.2698150565
1,Tears,1,4g,bba,23,0.7365119457244873,0.004499,0.07365119457244873,0.00112475,17422.663779577262,12832.0,11,5,100.6387040870985,1.0954451150103321,0.3229840872753037,1.497198286056519,1.0544404983520508,52.0,52.0,52.0,52.0,64.0,254.0,256.0,256.0,257.0,16722.54027161703,63707.78621122849,83101.34640517665,120855.28333832364,148540.31325627933,175399.23126681757,211135.8696757077,227330.66928823618,269394.6027608716
1,Tears,1,4g,bba,24,0.6726348400115967,0.672635,0.06726348400115967,0.134527,21408.346911902056,14400.0,11,6,101.91018570492953,0.4714045207910317,0.016009095434717277,1.2840078449249273,0.842350959777832,52.0,52.0,52.0,52.0,256.0,256.0,257.0,257.0,257.0,75628.2602618615,1254545.095571687,1652943.0880802113,1866320.5978788564,1995491.2549357282,2088474.4348978573,2209250.157830563,2241578.523644002,2332499.608293632
1,Tears,1,4g,bba,25,0.7068629264831543,0.004430,0.07068629264831543,0.0011075,18096.860820872113,12792.0,11,5,100.13833407049081,0.0,0.2999247216213239,1.4453228378295901,1.002281665802002,52.0,52.0,52.0,52.0,64.0,255.0,255.0,255.0,255.0,17428.5349669696,69133.30679944635,90114.07028733639,131040.19994830588,160225.5231504737,188194.40418441786,226557.30655900223,243634.64815409476,287357.79995877336
1,Tears,1,4g,bba,27,0.6805200576782227,0.680520,0.035816845140959085,0.068052,38594.01306936743,26264.0,20,11,101.44371592168731,0.2874797872880344,0.03885677602707449,4.7143641042709366,3.0346081256866455,52.0,52.0,52.0,52.0,255.5,256.0,256.0,256.0,256.0,40296.574261864334,53404.32336194764,87798.9463740144,274073.1235895599,1564415.8577562256,1709722.3607338606,1841461.6636476526,1934177.5871255777,2346299.802450395
1,Tears,1,4g,bba,28,0.4441249370574951,0.444125,0.037010411421457924,0.06344642857142857142857142857,41826.06841010417,18576.0,13,8,98.24658025877736,0.4330127018922193,0.05542942785758326,5.08420955657959,4.468761444091797,52.0,52.0,59.199999999999996,217.60000000000014,256.0,256.0,256.0,256.0,256.8,18727.73207161526,19934.78595596597,22053.576985014588,25653.603904192925,28498.941942279707,31345.24718512482,34919.85394555976,37016.451281953756,80006.46099145
1,Tears,1,4g,bba,29,0.005349159240722656,0.005349,0.0005943510267469618,0.00133725,2322607.991442325,12424.0,10,5,100.95746629150318,0.4,0.0002846121752068559,0.38702801942825343,0.02730083465576172,52.0,52.0,52.0,59.2,160.0,256.0,256.0,256.0,256.1,1748943.087225216,1789412.1160921543,1833970.751586539,1892116.1313182611,1899018.5157462347,1930402.5219048182,1975521.1971191955,2361023.759633302,193209039.32156172
1,Tears,1,4g,bba,30,0.7475991249084473,0.004962,0.07475991249084472,0.0012405,17174.979975494778,12840.0,11,5,100.73588739006802,0.4,0.007745631418383637,1.2147621297836309,0.772486686706543,52.0,52.0,52.0,52.0,64.0,256.0,256.0,256.0,256.0,1689434.637182917,1898359.3420458285,1920704.5055025902,2000942.9264864973,2070401.8803916157,2101659.910136725,2142269.8819929827,2383390.447000445,69139471.75384593
1,Tears,1,4g,bba,31,0.6824829578399658,0.004748,0.06824829578399658,0.001187,18661.27183645579,12736.0,11,5,101.57763793732171,0.0,2.5696272661795376,6.800627415180207,6.388009309768677,52.0,52.0,52.0,52.0,52.0,256.0,256.0,256.0,256.0,1535.6880706091133,3710.3948401694283,4671.201552449865,6657.415634009142,8161.228099597189,9663.407072660397,11644.394436829292,12662.97452143376,15120.459176058948
1,Tears,1,4g,bba,32,0.7238290309906006,0.723829,0.026808482629281503,0.05170207142857142857142857143,49890.23437009525,36112.0,28,15,100.83804452928368,0.5734883511361751,0.028514159489772088,6.3942305946350135,2.913363456726074,52.0,52.0,52.0,52.0,254.0,255.0,255.0,255.0,255.3,70734.68029659313,141139.9724107875,1667092.7526721954,2259834.8828439377,2363116.6760931043,2431225.16069047,2487332.368366468,2522292.0415264596,3761912.9639506172
1,Tears,1,4g,bba,33,0.3780488967895508,0.378049,0.03150407473246256,0.0756098,40418.052082045746,15280.0,13,6,100.72465250027808,0.4714045207910317,1.461242085340935,4.633281376361848,3.9980790615081787,52.0,52.0,52.0,52.0,64.0,255.0,255.4,256.0,256.0,9616.854011975984,14735.779890560374,15761.974126251253,16220.190771723634,18708.26774530777,21696.360115714666,25900.573744638623,28374.08989231822,33413.934552212886
1,Tears,1,4g,bba,34,0.5432860851287842,0.303297,0.04527384042739868,0.0606594,27918.992249552048,15168.0,13,6,101.36593734799608,0.4714045207910317,1.8246005419077456,5.622949590682983,4.993930816650391,52.0,52.0,52.0,52.0,52.0,255.0,255.0,255.0,255.8,6747.932003424727,10938.597459484448,12828.033184525975,15772.769570065551,16531.47697364621,19627.440537376555,22015.08993261262,25800.940606262284,27106.043143735682
1,Tears,1,4g,bba,35,0.4324979782104492,0.432498,0.04324979782104492,0.0864996,33442.930900735824,14464.0,11,6,100.43475740931406,0.0,3.4227086515849066,4.665527760982513,4.222017526626587,52.0,52.0,52.0,64.0,256.0,256.0,256.0,256.0,256.0,5988.519416543501,9837.24614322545,11454.43425200103,14594.06115347012,16961.46911891372,19315.668507743703,22430.692211668153,24024.169978601276,27885.582747645098
1,Tears,1,4g,bba,36,0.4324979782104492,0,0.0,0,961.854207322048,416.0,1,0,0.0,0.0,0.0,0.0,0.0,52.0,52.0,52.0,52.0,52.0,52.0,52.0,52.0,52.0,5988.519416543501,9837.24614322545,11454.43425200103,14594.06115347012,16961.46911891372,19315.668507743703,22430.692211668153,24024.169978601276,27885.582747645098
1,Tears,1,4g,bba,37,0.057060956954956055,0.057061,0.0010374719446355645,0.001542189189189189189189189189,2508615.4813877014,143144.0,56,38,507.7936867001706,574.6329028098633,0.021937925106476536,15.884802238941203,1.0450859069824219,52.0,52.0,56.0,255.0,256.0,256.0,256.0,256.0,256.0,1642986.8813795408,2609879.9334138604,2634901.0966961267,2675727.965419826,2708254.6240299908,2788385.5410272055,2822978.4736340223,2845404.4893022655,2926123.983588025
1,Tears,1,4g,bba,38,0.7175729274749756,0.711860,0.0512552091053554,0.1186433333333333333333333333,37359.26896564098,26808.0,15,7,353.22699028622753,442.9964297087437,0.07881690115836852,6.248017511367799,5.391636371612549,52.0,52.0,52.0,52.0,60.0,194.60000000000002,254.0,254.0,255.2,33747.30430627198,34472.57558369485,35283.48808246516,40309.42879989337,43415.38456803113,46530.499516511896,51532.953155970055,54240.21015765,126898.42898015775
1,Tears,1,4g,bba,39,0.0037479400634765625,0.003748,0.0004164377848307292,0.000937,3321291.106361323,12448.0,10,5,101.25729603342171,0.4,0.00020498315167015194,0.3783198308944705,0.018504619598388672,52.0,52.0,52.0,59.2,160.0,256.4,257.0,257.0,257.0,2442309.094157906,2565497.3032662105,2689435.943104422,2797833.2120945808,2898273.6513125994,2935717.776281047,3056880.578914308,3391694.1760177603,146191266.77355888
1,Tears,1,4g,bba,40,0.12481093406677246,0.003338,0.013867881562974717,0.0008345,98773.3974765757,12328.0,10,5,102.10137119549374,0.7483314773547882,0.0044324365969935775,0.4992671370506291,0.1406416893005371,52.0,52.0,52.0,52.0,153.5,255.4,256.0,256.2,257.0,2010602.0185069179,2597454.1139052203,2716966.4881500336,2822055.39702168,2957583.5062857145,3059044.9779083836,3124436.961819896,3180262.764121816,3740592.544420064
1,Tears,1,4g,bba,41,0.4480888843536377,0.410316,0.04480888843536377,0.0820632,31975.79877632526,14328.0,11,6,101.16307103952886,0.3726779962499649,3.901913356831243,4.581374788284303,4.13189172744751,52.0,52.0,52.0,52.0,255.0,255.0,255.0,255.0,255.0,9490.503509941187,10795.469947612331,14481.189965188703,16577.420455601397,19465.043206818424,22351.697395215986,24442.14034462212,28115.858096081854,29127.611938126436
1,Tears,1,4g,bba,42,0.4480888843536377,0,0.0,0,4570.521768140295,2048.0,1,1,0.0,0.0,0.0,0.0,0.0,256.0,256.0,256.0,256.0,256.0,256.0,256.0,256.0,256.0,9490.503509941187,10795.469947612331,14481.189965188703,16577.420455601397,19465.043206818424,22351.697395215986,24442.14034462212,28115.858096081854,29127.611938126436
1,Tears,1,4g,bba,43,0.8949770927429199,0.894977,0.03314729973121926,0.06884438461538461538461538462,38758.533912514395,34688.0,28,14,101.1864312917054,0.0,0.10542655666931869,14.581508731842042,11.183340787887573,52.0,52.0,52.0,52.0,160.0,256.0,256.0,256.0,256.0,28167.41538077889,31496.273847817076,35575.565004379605,39124.975487364165,48767.05336715595,139584.69817391312,2221401.5421077507,2539064.723564299,2710111.779707777
1,Tears,1,4g,bba,44,0.3200991153717041,0.004895,0.03556656837463379,0.00122375,38538.06339225663,12336.0,10,5,102.2005870824625,0.48989794855663565,2.7261923124223624,3.219141597747803,2.8593668937683105,52.0,52.0,52.0,52.0,154.0,256.0,256.0,256.2,257.0,6525.788853622931,8607.527465223819,11712.753399663998,15846.419195260152,16870.67196867423,21988.4178485443,24026.682341312597,27070.613517036494,31130.154823435198
1,Tears,1,4g,bba,45,0.3200991153717041,0,0.5272390842437744,0,7697.615774847627,2464.0,2,1,0.0,0.0,0.0,0.0,0.5272390842437744,72.4,92.80000000000001,113.19999999999999,133.60000000000002,154.0,174.39999999999998,194.79999999999998,215.20000000000002,235.6,789.0158609858637,789.0158609858637,789.0158609858637,789.0158609858637,789.0158609858637,789.0158609858637,789.0158609858637,789.0158609858637,789.0158609858637
1,Tears,1,4g,bba,46,0.7104768753051758,0.659016,0.05465206733116737,0.164754,19840.19535321998,14096.0,14,5,97.34831214536295,0.48989794855663565,0.17788544970370418,2.1007315230369574,1.332287311553955,52.0,52.0,52.0,52.0,52.0,61.599999999999994,256.0,256.0,256.7,38590.141625269775,50394.34577485788,65586.21147676137,77667.62249975879,86563.0536070298,100124.70174426929,122795.17696525218,126580.0052482641,157235.14792001847
1,Tears,1,4g,bba,47,0.702660083770752,0.548928,0.03698210967214484,0.068616,32880.763449682236,23104.0,20,9,100.97841353477484,0.0,2.7007001979788186,7.519135286808016,5.838309288024902,52.0,52.0,52.0,52.0,58.0,256.0,256.0,256.0,256.0,18713.623916218898,30531.038400892485,32941.77167563112,34902.284020740015,35320.78968980265,42557.040921544765,47515.69011013692,55399.981856730476,65302.32910043837
1,Tears,1,4g,bba,48,0.06720495223999023,0.004135,0.006720495223999023,0.00103375,190343.11570253797,12792.0,11,5,100.13833407049081,0.0,0.6032794305884447,1.1029725337028506,0.6531975269317627,52.0,52.0,52.0,52.0,64.0,255.0,255.0,255.0,255.0,36937.564866368186,45080.528096826194,68011.18373558167,80825.69266563297,98504.89541267444,115999.43718582754,128220.58908395868,150141.3713415765,154594.6909636912
1,Tears,1,4g,bba,49,0.004312038421630859,0.004312,0.0004791153801812066,0.001078,2866393.754285082,12360.0,10,5,100.15812498244962,0.4898979485566356,0.0002254514083015816,0.3801635169982913,0.020366907119750977,52.0,52.0,52.0,59.2,159.0,254.0,254.3,255.0,255.0,2251153.671280699,2347805.0370969134,2413132.1856357916,2457824.6440653233,2517599.200969697,2685779.985875521,2792301.4029551493,3920738.7345726276,136075752.6550705
1,Tears,1,4g,bba,50,0.6865978240966797,0.686598,0.06865978240966797,0.1373196,20879.763228001946,14336.0,11,6,101.24628347428548,0.4714045207910317,0.012169000654836906,1.238592534065247,0.7965130805969238,52.0,52.0,52.0,52.0,255.0,255.0,255.0,255.0,256.0,117429.8440117436,1977840.0589423291,2539283.2769700633,2605963.9809344346,2624645.7937145866,2633254.7296917113,2707258.448877683,2939025.3551795622,3391832.8612599014
1,Tears,1,4g,bba,51,0.09651708602905273,0.003697,0.010724120669894747,0.00092425,128557.54882886799,12408.0,10,5,100.75758035999078,0.4,0.8028993934551757,1.2123042082786561,0.8524751663208008,52.0,52.0,52.0,59.2,159.5,255.4,256.0,256.0,256.0,23071.117490542874,30026.914624932437,40392.583187422824,54201.754410532456,57512.55576196466,74374.092532309,80858.39787113224,90806.45377574764,104251.97214236579
1,Tears,1,4g,bba,52,0.7112820148468018,0,0.17782050371170044,0,2924.2971937762227,2080.0,5,0,0.0,0.0,1.7749145116040705,2.409961373806,2.355555772781372,52.0,52.0,52.0,52.0,52.0,52.0,52.0,52.0,52.0,1164.1459548968144,1401.8483417950902,1639.5507286933655,1725.992958994257,1736.8051109964563,1747.6172629986559,1813.2866034022074,1988.6703206084649,2164.0540378147216
1,Tears,1,4g,bba,53,0.6271779537200928,0.627178,0.06271779537200928,0.1254356,22870.701871644033,14344.0,11,6,101.32934601405638,0.5,0.013284710145769981,1.1775135779380803,0.7347986698150635,52.0,52.0,52.0,52.0,255.0,255.0,255.0,256.0,256.0,121463.11922640038,1708729.738057364,2187393.070519351,2357942.231701606,2499363.3161209766,2621733.158180082,2731492.0358839077,2766420.284288862,2905629.8834240637
1,Tears,1,4g,bba,54,0.7416961193084717,0.004682,0.07416961193084717,0.0011705,17300.885990834162,12832.0,11,5,100.63599408653508,0.0,0.6470856965996514,1.8093829274177555,1.366351842880249,52.0,52.0,52.0,52.0,64.0,256.0,256.0,256.0,256.0,15830.803616829535,33756.24930838324,41881.90375780314,61230.43439159,75752.13764510887,89799.08838719533,108184.29623977671,117118.65737219546,140217.54879782966
1,Tears,1,4g,bba,56,0.39116978645324707,0.289578,0.02173165480295817,0.03217533333333333333333333333,61845.267292624725,24192.0,19,10,101.65952626182356,0.4898979485566356,0.04546171878866849,4.503826782703401,3.0036799907684326,52.0,52.0,52.0,52.0,255.0,255.0,255.6,256.0,256.0,49596.89083280431,57573.15348534735,61240.36384730916,66466.93219081429,74348.37460121649,1601110.5080519598,1979706.3616807638,2001713.0093225797,2178883.620674385
1,Tears,1,4g,bba,57,0.8766860961914062,0.876686,0.051569770364200365,0.09740955555555555555555555556,27248.065303849133,23888.0,18,10,100.55893180335649,0.4,5.557164605945113,9.941359655857088,8.607556104660034,52.0,52.0,52.0,61.60000000000001,255.0,256.0,256.0,256.0,256.0,8983.825100308415,12855.649025672306,17467.811171419053,22820.853960409968,24911.995405059657,26282.678289918287,28207.276789423508,28974.334172562038,30585.710513268208
1,Tears,1,4g,bba,58,0.49457883834838867,0.494579,0.044961712577126244,0.08242983333333333333333333333,33369.80622768647,16504.0,12,7,99.36838727124884,0.3499271061118826,1.1025379771225712,5.508527162075044,4.997302293777466,52.0,52.0,55.599999999999994,140.40000000000006,255.5,256.0,256.0,256.0,256.0,9403.870970755454,13564.190276659601,14395.990516602498,18541.711998921972,19369.475852129646,20118.073596642433,23481.43257043079,24302.419781222612,28424.875146172875
1,Tears,1,4g,bba,59,0.25738000869750977,0.004365,0.028597778744167753,0.00109125,47835.88306763129,12312.0,10,5,101.90039254095147,0.4,2.1883401843646197,2.657033307552338,2.297234296798706,52.0,52.0,52.0,52.0,153.5,255.4,256.0,256.0,256.0,8082.580545503431,10660.992787164701,14509.065287536554,19632.414358963026,20912.61508905762,27257.605196890592,29779.237930823092,33571.47255425043,38635.306848386106
1,Tears,1,4g,bba,61,0.28994297981262207,0.001948,0.02635845271023837,0.0003896,229700.3364007667,66600.0,12,6,846.057535967068,781.8892540223044,0.02749450175189473,0.9352072906494147,0.38884472846984863,52.0,52.0,52.0,55.2,107.5,429.1999999999998,1065.5999999999995,1452.0000000000002,1978.8000000000002,210350.63420750183,228265.5715367619,1791932.1327815042,1869601.7829912023,1896042.7389021777,1900953.9742742672,1938394.518069834,2968101.666628998,5265717.464798244
1,Tears,1,4g,bba,62,0.7788889408111572,0.773764,0.03894444704055786,0.0967205,41905.84599392022,32640.0,21,9,306.5911101834778,396.1389892013056,0.1259289470961153,11.244114675521853,9.438072204589844,52.0,52.0,52.0,52.0,52.0,155.0,254.0,257.0,257.0,33926.23339722851,35642.23329323211,36653.19576997764,38389.28672648681,40119.1410943556,40877.91884296633,43716.791018326956,48845.35405850192,65616.621928279
1,Tears,1,4g,bba,63,0.6541688442230225,0.625263,0.046726346015930176,0.08932328571428571428571428571,29704.869272825148,19432.0,15,8,101.27090182058988,0.4841229182759271,0.4446111468151158,8.103871121406556,7.262448787689209,52.0,52.0,52.0,59.2,256.0,256.0,256.8,257.0,257.0,14066.972282366227,14580.093689001735,15269.27590839364,16683.04335644754,16807.200924830446,18152.966146860792,19395.728824260896,22459.269947262037,25016.262863753618
1,Tears,1,4g,bba,64,0.3198411464691162,0.003700,0.03198411464691162,0.000925,39869.7920538855,12752.0,11,5,101.77734570705583,0.48989794855663565,1.828405715613924,2.5051592969894414,2.0566186904907227,52.0,52.0,52.0,52.0,52.0,256.0,256.0,256.0,257.0,11804.64907642044,14570.0517709407,22412.87870443164,26854.12341386032,32940.40570571517,38338.985653748416,39075.43409920974,42352.20561841021,50938.62150458872
1,Tears,1,4g,bba,65,0.40710902214050293,0.407109,0.04071090221405029,0.0814218,35646.471118961264,14512.0,11,6,100.93242973346487,0.0,3.8626460562180305,4.503674783706665,4.0538177490234375,52.0,52.0,52.0,64.0,257.0,257.0,257.0,257.0,257.0,9669.933915509686,11184.844920171354,12147.67501085575,15489.294038887676,18019.76484768776,20544.658619384212,23871.01540718085,25572.883353217163,29699.083856279747
1,Tears,1,4g,bba,66,0.40710902214050293,0,0.0,0,1021.8393044024177,416.0,1,0,0.0,0.0,0.0,0.0,0.0,52.0,52.0,52.0,52.0,52.0,52.0,52.0,52.0,52.0,9669.933915509686,11184.844920171354,12147.67501085575,15489.294038887676,18019.76484768776,20544.658619384212,23871.01540718085,25572.883353217163,29699.083856279747
1,Tears,1,4g,bba,67,0.3800528049468994,0.380053,0.018097752616519018,0.0380053,71400.60446019183,27136.0,22,11,102.18238434006857,0.48104569292083466,0.046715298002890815,6.022164008617404,3.961676836013794,52.0,52.0,52.0,52.0,154.0,256.0,256.0,256.0,257.0,49520.45448172949,52258.32336186419,60553.37234929493,67440.87218667731,69895.52893371393,77019.5063100076,2109396.064630007,2228534.396555436,2531228.643475943
1,Tears,1,4g,bba,68,0.649306058883667,0.626678,0.08116325736045837,0.1253356,20883.83407866748,13560.0,9,6,96.40308893160818,0.5,0.19768843456780927,2.770497879981995,2.5138258934020996,52.0,52.0,133.59999999999997,256.0,256.0,256.0,256.6,257.0,257.0,17471.9919191609,17588.74432161134,17645.9944920517,17659.488995675805,17665.58300007943,17677.732473653432,17712.421119373856,17721.996223677645,17922.827153076894
1,Tears,1,4g,bba,69,0.1844649314880371,0.184465,0.030744155248006184,0.03074416666666666666666666667,77846.77490816878,14360.0,7,7,0.4948716593053935,0.4948716593053935,0.00922350141034682,0.3478329849243166,0.19975566864013672,256.0,256.0,256.0,256.0,256.0,256.6,257.0,257.0,257.0,857167.4799686077,1647590.566297287,1810690.3419721727,1973790.1176470588,2001988.780515529,2030187.4433839992,2041577.3574496475,2052967.2715152958,2080708.7375305933
1,Tears,1,4g,bba,70,0.707909107208252,0.707909,0.037258374063592205,0.07865655555555555555555555556,35010.14430756443,24784.0,20,10,100.55789377269197,0.4898979485566356,0.06769147727909555,8.715652971267701,7.076416730880737,52.0,52.0,52.0,59.2,159.5,255.0,255.0,255.2,256.0,21084.154312623574,23527.707953802026,26397.82704264972,29263.518928903537,32128.41842040209,2805471.4559694687,2954868.491172234,3261194.026686288,3868186.8096682164
1,Tears,1,4g,bba,71,0.707909107208252,0,0.0,0,587.6460632644772,416.0,1,0,0.0,0.0,0.0,0.0,0.0,52.0,52.0,52.0,52.0,52.0,52.0,52.0,52.0,52.0,21084.154312623574,23527.707953802026,26397.82704264972,29263.518928903537,32128.41842040209,2805471.4559694687,2954868.491172234,3261194.026686288,3868186.8096682164
1,Tears,1,4g,bba,72,0.08381199836730957,0.004605,0.009312444263034396,0.00115125,146613.85290143458,12288.0,10,5,101.60039370002461,0.4,0.004768197993293544,0.463116173744202,0.10411810874938965,52.0,52.0,52.0,52.0,153.5,255.0,255.0,255.0,255.1,1687362.786186582,2109501.10944288,2176326.7691040635,2252403.4018197744,2298596.8446437935,2329267.576551263,2488805.090203151,2616879.5581264347,3061331.9340650258
1,Tears,1,4g,bba,73,0.5859389305114746,0.585939,0.03662118315696716,0.06510433333333333333333333333,40004.16900023844,23440.0,17,10,100.6951959695669,0.48989794855663565,0.028188263180204884,3.2988402128219616,2.1199593544006348,52.0,52.0,52.0,133.60000000000008,256.0,256.0,257.0,257.0,257.0,45370.97632567043,54209.76799916002,85208.18308228752,331613.1344630451,1860895.0730769406,2326863.6847911743,2460386.856659755,2545186.5608907444,2621514.4630888645
1,Tears,1,4g,bba,74,0.17993998527526855,0.179940,0.029989997545878094,0.029990,79759.92650018616,14352.0,7,7,0.4517539514526256,0.4517539514526256,0.009402971448434497,0.3442857313156129,0.19617033004760742,256.0,256.0,256.0,256.0,256.0,256.0,256.2,256.8,257.0,831006.8909322529,1593679.8871985157,1727544.1628960778,1861408.43859364,1887522.8113481477,1913637.1841026554,1914376.6990667856,1915116.2140309156,1989258.1540968893
1,Tears,1,4g,bba,75,0.7716939449310303,0.003624,0.07716939449310303,0.000906,16669.82109228512,12864.0,11,5,101.03448392578032,0.4,0.007900530052426968,1.230926826000214,0.7888147830963135,52.0,52.0,52.0,52.0,64.0,256.0,257.0,257.0,257.0,2306931.00192705,2691887.6035262314,2826198.8872136096,2955926.158901462,3081906.782522683,3201850.648323941,3313627.222055483,4078212.996643523,113925096.29449677
1,Tears,1,4g,bba,76,0.6988060474395752,0.003382,0.04991471767425537,0.001127333333333333333333333333,18271.16414745113,12768.0,15,4,90.21219429766688,0.0,0.05945626695941911,6.997958722114564,6.149448871612549,52.0,52.0,52.0,52.0,52.0,52.0,52.0,256.0,256.0,5938.08898758223,7281.970913196796,8216.398317206605,8636.906279346595,10584.02909432819,11720.348089125535,14819.928718941133,2861788.1355108847,11534678.858637609
1,Tears,1,4g,bba,77,0.6409311294555664,0.640931,0.06409311294555664,0.1281862,22417.385175541058,14368.0,11,6,101.57763793732173,0.0,0.013985288008846315,1.229810557365418,0.7876219749450684,52.0,52.0,52.0,52.0,256.0,256.0,256.0,256.0,256.0,95511.96665031437,1049580.4097669267,1326906.4947833244,1368423.6964223394,1415238.3338273396,1467235.907176112,1514685.5171981996,1588322.864505681,1878755.2906169142
1,Tears,1,4g,bba,78,0.699725866317749,0.631816,0.038873659239874944,0.07020177777777777777777777778,34825.066748260484,24368.0,19,10,101.52627486288772,0.48989794855663565,1.1496430499816084,5.367553896903994,3.8639698028564453,52.0,52.0,52.0,54.400000000000006,256.0,256.0,256.6,257.0,257.0,33275.19280425118,37277.55767921037,43196.092496822195,47720.529997523954,63975.31945531891,72862.89760312776,102870.54021376533,119105.08872476715,140360.11942328332
1,Tears,1,4g,bba,79,0.40056705474853516,0.400567,0.040056705474853516,0.0801134,36148.75419320279,14480.0,11,6,100.60125034137465,0.4714045207910317,3.7754186984581297,4.427502586841583,3.9777991771698,52.0,52.0,52.0,64.0,256.0,256.0,256.0,256.0,257.0,9872.830034116692,11402.412144640737,12374.595287749975,15762.846202745211,18325.710929998193,20882.27195380171,24251.46643119452,25964.57676415699,30127.77075576316
1,Tears,1,4g,bba,80,0.004058837890625,0.004059,0.00045098198784722225,0.00101475,3066887.69924812,12448.0,10,5,101.25729603342171,0.4,0.0002022521789822903,0.3780134582519534,0.018195152282714844,52.0,52.0,52.0,59.2,160.0,256.4,257.0,257.0,257.0,2573272.29414201,2618917.9463755684,2735317.624445638,2868682.8792362814,2873394.911687955,3022117.3350592083,3139519.8778434107,4127421.348238525,147588817.8268453
1,Tears,1,4g,bba,81,0.5356481075286865,0,0.26782405376434326,0,2329.887817130323,1248.0,3,0,0.0,0.0,1.0655771851539613,1.0811112785339354,1.071113109588623,52.0,52.0,52.0,52.0,52.0,52.0,52.0,52.0,52.0,854.5312153480194,932.1675852819671,1009.8039552159148,1087.4403251498625,1165.0766950838101,1242.7130650177578,1320.3494349517055,1397.9858048856534,1475.622174819601
1,Tears,1,4g,bba,82,0.0011479854583740234,0,0.0005739927291870117,0,3944300.833229491,4528.0,3,2,96.6379267621615,0.0,0.0010627770423889162,0.011672773361206064,0.0016789436340332031,93.0,134.0,175.0,216.0,257.0,257.0,257.0,257.0,257.0,2325228.116078879,2497118.8514724,2669009.5868659206,2840900.3222594415,3012791.0576529624,3184681.793046483,3356572.5284400037,3528463.2638335247,3700353.999227045
1,Tears,1,4g,bba,83,0.19182610511779785,0.186867,0.02740372930254255,0.0934335,133078.8631939516,25528.0,8,3,570.5399717592098,585.7236739472139,0.006238495614571425,0.7796988248825075,0.5754475593566895,52.0,52.0,52.8,58.400000000000006,60.0,79.00000000000001,145.49999999999994,818.0000000000006,1332.0,87098.86192858126,92638.27967738938,96121.35048158104,143578.9402229535,213023.7894329163,251691.12069624342,379200.45722139755,684393.8042702073,2812681.8356928183
1,Tears,1,4g,bba,84,0.22659897804260254,0.226599,0.11329948902130127,0.1132995,158870.97245968907,36000.0,3,3,0.0,0.0,0.45084888219833374,0.463155574798584,0.4531559944152832,1500.0,1500.0,1500.0,1500.0,1500.0,1500.0,1500.0,1500.0,1500.0,58261.51746955076,63556.23571068875,68850.95395182676,74145.67219296475,79440.39043410274,84735.10867524074,90029.82691637873,95324.54515751672,100619.26339865473
1,Tears,1,4g,bba,90,0.7259500026702881,0.362885,0.034569047746204194,0.01909921052631578947368421053,347704.3860755274,252416.0,22,20,530.6431463425591,315.58428351234477,0.40117680154408053,12.719673299789427,10.723538160324097,1500.0,1500.0,1500.0,1500.0,1500.0,1500.0,1500.0,1500.0,1500.0,35330.67972027605,92095.18340571524,137111.49458293634,177982.48689834008,208073.09126281214,237093.73224226263,259980.28225629398,278454.90504847583,296496.60630101425
1,Tears,1,4g,bba,91,0.8804199695587158,0.557503,0.01467366615931193,0.01072121153846153846153846154,1095795.226548027,964760.0,61,53,1035.6328225714533,768.5578409328608,0.9652313166308951,47.09247380733491,29.679463863372803,52.0,1500.0,1500.0,1500.0,1500.0,2948.0,2948.0,2948.0,2948.0,462285.8353712341,507023.3889578802,640338.2607164352,698865.2216926527,844551.795910933,1062731.3843859513,1248974.36468913,1452729.1232889274,1565613.2978505467
1,Tears,1,4g,bba,92,0.8804199695587158,0,0.005572080612182617,0,945.0035537210896,832.0,2,0,0.0,0.0,0.0,0.0,0.005572080612182617,52.0,52.0,52.0,52.0,52.0,52.0,52.0,52.0,52.0,74657.92922853108,74657.92922853108,74657.92922853108,74657.92922853108,74657.92922853108,74657.92922853108,74657.92922853108,74657.92922853108,74657.92922853108
1,Tears,1,4g,bba,93,0.8804199695587158,0,0.17274785041809082,0,945.0035537210896,832.0,2,0,0.0,0.0,0.0,0.0,0.17274785041809082,52.0,52.0,52.0,52.0,52.0,52.0,52.0,52.0,52.0,2408.1341619775944,2408.1341619775944,2408.1341619775944,2408.1341619775944,2408.1341619775944,2408.1341619775944,2408.1341619775944,2408.1341619775944,2408.1341619775944
1,Tears,1,4g,bba,94,0.44391512870788574,0.396724,0.0023995412362588417,0.002404387878787878787878787879,3103674.353271766,1377768.0,186,166,1457.4245877506762,1509.0016144595652,1.5147910181353132,210.72632510662083,40.90728163719177,60.0,256.0,256.0,256.0,257.0,257.0,257.0,1603.0,2948.0,528072.4595688899,715486.5832446968,748111.2789446756,809611.1491735779,858728.9822551355,920290.9776091977,981979.9208623072,1031216.1189478369,1904711.455600731
1,Tears,1,4g,bba,95,0.44391512870788574,0,0.003990888595581055,0,1874.2321362683044,832.0,2,0,0.0,0.0,0.0,0.0,0.003990888595581055,52.0,52.0,52.0,52.0,52.0,52.0,52.0,52.0,52.0,104237.43736184957,104237.43736184957,104237.43736184957,104237.43736184957,104237.43736184957,104237.43736184957,104237.43736184957,104237.43736184957,104237.43736184957
1,Tears,1,4g,bba,96,0.44391512870788574,0,0.0042269229888916016,0,1874.2321362683044,832.0,2,0,0.0,0.0,0.0,0.0,0.0042269229888916016,52.0,52.0,52.0,52.0,52.0,52.0,52.0,52.0,52.0,98416.74454283941,98416.74454283941,98416.74454283941,98416.74454283941,98416.74454283941,98416.74454283941,98416.74454283941,98416.74454283941,98416.74454283941
1,Tears,1,4g,bba,97,0.6794319152832031,0.108055,0.05226399348332332,0.0540275,29483.454558725276,20032.0,14,3,370.7374614280602,611.4171153058188,0.06089235748623771,6.893607804775237,6.175339221954346,52.0,52.0,52.0,52.0,52.0,52.0,60.4,100.40000000000003,226.40000000000012,3414.2688641228438,4552.043566216909,19337.901272914707,29637.449719005916,29871.278471706526,30119.038259756944,30753.411293881643,31401.571037602942,32043.66633198358
1,Tears,1,4g,bba,98,0.8891270160675049,0.889127,0.042339381717500235,0.0889127,30600.80225695706,27208.0,22,11,101.53130242393635,0.8999540851465151,1.3447309547575965,11.75949101686478,9.742938995361328,52.0,52.0,52.0,52.0,159.5,255.0,255.7,256.8,257.0,19438.9633446911,24012.275907035906,27419.243375877566,27775.73150953556,28399.118821779655,28565.777360132874,30363.93924574273,31179.129274482682,33860.74009152624
1,Tears,1,4g,bba,99,0.9490928649902344,0.949093,0.049952256052117595,0.08628118181818181818181818182,29484.996708186125,27984.0,20,12,99.15487885121941,0.3726779962499649,2.452993244920914,13.293603124618528,11.67446255683899,52.0,52.0,52.0,178.6000000000001,255.5,256.0,256.0,256.0,256.0,12403.352266603342,14333.177093871445,17534.146653707656,21984.511714399887,22670.735200873136,24783.239999895326,26848.948766339923,27844.630386641253,28953.99049308195
1,Tears,1,4g,bba,100,0.8565599918365479,0.856560,0.0778690901669589,0.07786909090909090909090909091,28710.18986921437,24592.0,12,12,0.372677996249965,0.372677996249965,0.9159026980279323,6.152974462509155,5.6503331661224365,256.0,256.0,256.0,256.0,256.0,256.0,256.0,256.0,256.9,18424.30838680618,21479.7088878075,24521.089790000788,24635.228335030184,26035.27243134622,26319.23066084779,26341.170096564583,26533.40874631006,27509.939894228803
1,Tears,1,4g,bba,101,0.004134178161621094,0.004134,0.00045935312906901043,0.0010335,3007127.296885813,12432.0,10,5,101.05760733363915,0.48989794855663565,0.0002222724187416233,0.37985879659652744,0.02005910873413086,52.0,52.0,52.0,59.2,160.0,256.0,256.0,256.2,257.0,2418501.390022603,2486882.73933748,2549932.4591760715,2608351.810126384,2612902.533611691,2629630.362186773,2650907.337513165,3197229.8174304096,135868756.72299135
1,Tears,1,4g,bba,102,0.11252784729003906,0.005644,0.012503094143337674,0.001411,109484.01037340882,12320.0,10,5,102.0,0.0,0.004278353909519458,0.4953392887115482,0.13667535781860352,52.0,52.0,52.0,52.0,154.0,256.0,256.0,256.0,256.0,1411952.3232457417,1743193.8364454014,1783883.551955858,1849941.4838632524,1888835.795668464,1930405.9419384573,2159703.8685953645,2811824.706080336,4058269.91120128
1,Tears,1,4g,bba,103,0.5019209384918213,0.410597,0.05019209384918213,0.0821194,28594.14481317532,14352.0,11,6,101.4122590271597,0.4714045207910317,3.878377022814674,4.62290607213974,4.174098253250122,52.0,52.0,52.0,52.0,255.0,255.0,256.0,256.0,256.0,9582.10383519576,10893.093704655907,14604.867894659465,16698.345047988692,19584.57827379582,22473.609373022526,24476.527361226694,27813.138166301298,28101.18309045064
1,Tears,1,4g,bba,104,0.5334758758544922,0.478155,0.05334758758544922,0.095631,26812.833808255422,14304.0,11,6,100.91433237820505,0.4714045207910317,4.530725152130338,5.271191976070405,4.8220374584198,52.0,52.0,52.0,52.0,254.0,254.0,255.0,255.0,255.0,8161.508226081021,9275.96387357372,12437.013656007188,14234.206571001416,16711.545793245867,19188.043802548127,20974.71022941199,24113.1615034461,24919.08526199532
1,Tears,1,4g,bba,105,0.605355978012085,0.605356,0.05503236163746227,0.1008926666666666666666666667,27038.636099292373,16368.0,12,7,100.15113578986511,0.3499271061118826,5.073427865634173,6.038243441581727,5.4898364543914795,52.0,52.0,52.0,133.20000000000007,255.0,255.0,255.0,255.0,255.0,8404.989489318397,9248.686471651066,13433.743136601524,14273.512200781159,18436.311840293376,19257.02460613638,23398.21629626453,23655.502745715225,24220.352411097283
1,Tears,1,4g,bba,106,0.6077260971069336,0.481810,0.04674816131591797,0.1204525,23010.36612804768,13984.0,14,5,97.7481144449908,0.0,1.5910015541757738,7.496988968849182,6.768302917480469,52.0,52.0,52.0,52.0,52.0,52.0,256.0,256.0,256.0,5311.265638366255,6352.0429866958575,7258.8997828661795,7692.249105526411,8600.07227719969,11030.125766102523,12914.199949935708,15336.270236576956,18296.03151613006
1,Tears,1,4g,bba,107,0.9229309558868408,0.804947,0.09229309558868408,0.1609894,15533.122936833983,14336.0,11,6,101.24628347428548,0.4714045207910317,1.1976026425861988,8.786371953487397,8.408660173416138,52.0,52.0,52.0,52.0,255.0,255.0,255.0,255.0,256.0,3440.501940331619,4615.648269963227,5202.545749606699,6665.279076892066,7774.217516304188,8881.412489876036,10340.881276741422,11096.631036907851,12912.468064330607
1,Tears,1,4g,bba,108,0.8934891223907471,0,0.22337228059768677,0,4261.943323731543,3808.0,5,1,80.53421633070009,0.0,2.0874600611417296,2.944381420612335,2.8921916484832764,52.0,52.0,52.0,52.0,52.0,56.8,61.599999999999994,102.40000000000003,179.20000000000002,1556.9197889768943,2325.650612858368,3094.3814367398404,3418.2818212129528,3519.7669859818843,3621.2521507508154,3711.575015765067,3779.5732812699584,3847.57154677485
1,Tears,1,4g,bba,109,0.9058017730712891,0.877975,0.03938268578570822,0.09755277777777777777777777778,29118.953819848768,26376.0,24,10,100.03116701808491,0.45825756949558394,0.13686727693600956,15.294164147377018,12.89290738105774,52.0,52.0,52.0,52.0,52.0,216.79999999999978,255.1,256.0,256.0,16969.571591318996,18121.641764375872,18733.090661567894,21592.433429881752,24004.977950321034,26875.244444701322,734016.6966031826,2226853.7065264354,2515785.8208986293
1,Tears,1,4g,bba,110,0.6868791580200195,0.686879,0.07631990644666883,0.17171975,17924.550273865145,12312.0,10,5,101.90039254095147,0.4,1.0444877172644285,3.878827922344208,3.543647527694702,52.0,52.0,52.0,52.0,153.5,255.4,256.0,256.0,256.0,14954.87445268242,15982.255697571632,16848.75794516796,17139.242335006446,17199.765604512595,17257.855484213054,17284.89067824164,17320.4510271656,17411.772597188516
1,Tears,1,4g,bba,111,0.7993659973144531,0.003914,0.06661383310953777,0.0009785,17073.53083049788,13648.0,13,5,98.37225519279293,0.4898979485566356,0.917702094437733,3.685081493854523,3.0460689067840576,52.0,52.0,52.0,52.0,52.0,102.19999999999986,255.0,255.6,256.0,16088.539787896247,16685.241538546798,21722.382678279926,34257.19327841703,49948.7169015134,65477.80671839722,84724.99148977178,95739.71492433858,118289.22567807254
1,Tears,1,4g,bba,112,0.529792070388794,0.395496,0.006706228739098657,0.008071346938775510204081632653,3129031.355232349,1657736.0,80,50,4825.644611587529,5574.708626681757,0.2603500819807495,65.80284798622131,35.346237659454346,52.0,52.0,52.0,215.00000000000014,256.0,256.0,769.1999999999985,4170.0,10815.500000000005,38402.4957784063,53655.239057055776,68670.84292208545,83828.74517419355,103230.26537125939,114768.7775341988,203374.6886960643,1002040.730395399,2047103.112551571
1,Tears,1,4g,bba,113,0.8369350433349609,0.253562,0.010461688041687012,0.006037190476190476190476190476,135341.44722706504,113272.0,81,43,179.22786515557328,188.38908048582672,1.7452191597892477,94.3026561832428,63.31676387786865,52.0,52.0,52.0,52.0,256.0,256.0,257.0,257.0,257.0,22242.41281032172,34304.14068638458,46212.83156567993,58011.69244418041,69788.06009825511,81401.03815954075,92666.12442885633,103974.51170045177,115187.13194971452
1,Tears,1,4g,bba,114,0.16510915756225586,0.165109,0.03302183151245117,0.0330218,74423.49159444231,12288.0,6,6,0.0,0.0,0.0062591874954724324,0.27998756408691416,0.18175935745239258,256.0,256.0,256.0,256.0,256.0,256.0,256.0,256.0,256.0,417697.19364617753,773374.810963653,1005361.8462029153,1113658.2993639642,1221954.752525013,1515587.4790454642,1809220.2055659154,2011988.7861384768,2123893.220763148
1,Tears,1,4g,bba,115,0.8278350830078125,0.827835,0.045990837944878474,0.07525772727272727272727272727,33224.00869997973,27504.0,19,12,97.20974268056759,0.3726779962499649,0.034076943003274615,4.976137804985048,3.4809465408325195,52.0,52.0,56.8,255.0,255.0,255.0,255.0,255.0,255.2,35816.31361826242,44349.51056955311,70858.53739436608,164400.84123295464,730995.0804599023,1179298.8108020895,1326458.6551047447,1374359.8280096748,2457490.074789531
1,Tears,1,4g,bba,116,0.36458611488342285,0.364586,0.036458611488342285,0.0729172,39738.21110722378,14488.0,11,6,100.68427044007215,0.5,3.445551171582659,4.074202950000763,3.6244146823883057,52.0,52.0,52.0,64.0,256.0,256.0,256.0,257.0,257.0,6958.383156027959,11631.633963518689,13549.811023475444,17273.110340593266,20090.355328703845,22897.975770086003,26600.18398268328,28493.916117650566,33100.7772823851
1,Tears,1,4g,bba,117,0.6711921691894531,0.671192,0.06711921691894532,0.1342384,21442.443253442758,14392.0,11,6,101.8272723214648,0.5,0.019205533437088917,1.2819260549545293,0.8402137756347656,52.0,52.0,52.0,52.0,256.0,256.0,256.0,257.0,257.0,80197.1007839045,1034662.7740401538,1317841.2590128225,1372387.7677774525,1427337.3794523794,1490816.41527109,1542860.0504176787,1602143.6556813533,1798946.1355259065
1,Tears,1,4g,bba,118,0.09696507453918457,0.005135,0.010773897171020508,0.00128375,128211.11167171953,12432.0,10,5,101.05760733363915,0.48989794855663565,0.7944051563260249,1.2101812076568608,0.8504207134246826,52.0,52.0,52.0,59.2,160.0,256.0,256.0,256.2,257.0,23268.555913651435,30252.601835582172,40565.752220594746,54265.125608566974,57426.86368521329,74420.26176519929,80967.90562159481,90831.21667142666,104063.03131291943
1,Tears,1,4g,bba,119,0.09696507453918457,0,0.0,0,4290.204508963588,416.0,1,0,0.0,0.0,0.0,0.0,0.0,52.0,52.0,52.0,52.0,52.0,52.0,52.0,52.0,52.0,23268.555913651435,30252.601835582172,40565.752220594746,54265.125608566974,57426.86368521329,74420.26176519929,80967.90562159481,90831.21667142666,104063.03131291943
1,Tears,1,4g,bba,120,0.045018911361694336,0.045019,0.0006083636670499234,0.001046953488372093023255813953,2291659.14677767,103168.0,75,44,100.68060300883295,0.49792959773196926,0.0357815139846906,28.499710750579858,1.5044159889221191,52.0,52.0,52.0,52.0,256.0,256.0,256.0,257.0,257.0,2157245.761664932,2244225.9721699553,2282754.202556919,2320519.286988139,2341424.102409477,2365298.389805916,2377533.446493829,2400413.221835478,2418443.5968635916
1,Tears,1,4g,bba,121,0.017660140991210938,0.012068,0.0005045754568917411,0.0003892903225806451612903225806,130548901.11847931,2305512.0,36,32,6544.1978388620455,6268.109190125515,0.0757638151526121,6.434316101074223,0.48834657669067383,78.0,1260.0,3477.5,4170.0,5636.0,9562.0,12381.0,16458.0,16458.0,1889920.512629057,3455595.3238519426,14731857.079971602,33466167.971857477,42160711.76253194,67588149.87741603,88335029.72518241,104567481.26133707,123907218.85690908
1,Tears,1,4g,bba,123,0.017660140991210938,0,0.00012087821960449219,0,47111.74165676639,832.0,2,0,0.0,0.0,0.0,0.0,0.00012087821960449219,52.0,52.0,52.0,52.0,52.0,52.0,52.0,52.0,52.0,3441480.205128205,3441480.205128205,3441480.205128205,3441480.205128205,3441480.205128205,3441480.205128205,3441480.205128205,3441480.205128205,3441480.205128205
1,Tears,1,4g,bba,124,0.0002338886260986328,0,7.796287536621094e-05,0,7114497.30479103,1664.0,4,0,0.0,0.0,0.0003019467830657959,0.030542128086090116,0.0005445480346679688,52.0,52.0,52.0,52.0,52.0,52.0,52.0,52.0,52.0,3997397.9682441433,4029272.1546701053,4061146.341096067,4093020.527522029,4124894.7139479904,4367090.366877046,4609286.019806103,4851481.672735159,5093677.325664216
1,Tears,1,4g,bba,125,0.8129899501800537,0.808239,0.004278894474631862,0.004618508571428571428571428571,1925750.7422487345,1565616.0,191,176,1334.3464253033287,1358.3142235247135,0.3641324075605357,235.54202705621736,56.557432413101196,255.0,256.0,257.0,257.0,257.0,257.0,257.0,2948.0,2948.0,756291.9256846725,764302.2494454744,773955.9696168494,787414.3044511053,813568.9380805359,889344.5570547973,1114707.4979138002,1395330.4151226722,1724108.4288494077
1,Tears,1,4g,bba,126,0.9673948287963867,0.100118,0.048369741439819335,0.005562111111111111111111111111,462694.2244015351,447608.0,21,19,848.2770960871404,36.843984914456954,0.07345189881342971,4.714751002788546,2.842669725418091,2783.0,2948.0,2948.0,2948.0,2948.0,2948.0,2948.0,2948.0,2948.0,3567199.038104791,4193322.8297386155,4368988.722475099,4396246.990271061,4430572.217221266,4468556.350091833,4481966.240013018,4539235.700960915,4595390.339731019
1,Tears,1,4g,bba,127,0.9004530906677246,0.308155,0.005204931159929044,0.002014084967320261437908496732,1257189.3102843855,1132040.0,174,154,1287.8597731315174,1337.5827902365727,0.2968277110295421,169.66473448038113,21.092523336410522,54.400000000000006,256.0,257.0,257.0,257.0,257.0,257.0,257.0,2948.0,1817209.4505059542,1900198.3895536328,1998503.2926371507,2059051.4322951606,2143310.4356371323,2158908.909331665,2167394.8307349137,2174471.5254761386,2482590.0485292827
1,Tears,1,4g,bba,128,0.6431829929351807,0.258629,0.0029235590587962756,0.001461180790960451977401129944,2267099.746132361,1458160.0,221,178,1112.6223097384304,1165.3533576455409,0.4938346226531664,346.8354415631299,107.00530791282654,52.0,255.0,256.0,257.0,257.0,257.0,257.0,1500.0,2948.0,86236.91054885443,151604.43485610175,213322.84353919592,299585.0943749233,386622.89736832073,453182.77613993647,499148.36862352834,815254.4578685235,1529151.590655611
1,Tears,1,4g,bba,130,0.39596104621887207,0.386214,0.021997835901048448,0.04827675,80613.99045388887,31920.0,19,9,318.4915102561812,395.9236115374271,0.06018551803009118,6.07655701160431,4.5922956466674805,52.0,52.0,52.0,53.6,60.0,236.59999999999988,257.0,257.0,257.0,53193.96896522759,59359.325359368115,65505.20624660068,70752.62144673782,74146.2767738752,82631.7409285004,117175.64510280182,136223.3154017798,279736.6417432708
1,Tears,1,4g,bba,131,0.6778080463409424,0.677795,0.06778080463409424,0.07531055555555555555555555556,30946.814681879594,20976.0,11,10,58.933356394047074,0.0,0.03198841828714356,3.6872864222526553,3.2699849605560303,257.0,257.0,257.0,257.0,257.0,257.0,257.0,257.0,257.0,28200.123034612636,29165.388008399626,29404.754552083443,29420.82763794542,29924.358699839857,30466.777445230906,31844.21356349676,35548.6226760407,3206781.5513758776
1,Tears,1,4g,bba,132,0.42644381523132324,0.426444,0.0026990114888058433,0.002769116883116883116883116883,4401817.854907233,1877128.0,159,155,2008.8753751226131,2021.4388100685107,0.23425980931177492,144.41392432212842,20.588039875030518,256.0,257.0,257.0,257.0,257.0,257.0,2747.199999999997,2948.0,4396.0,1803995.8157161644,2022739.1522279198,2099620.7321753833,2208670.9153568856,2227034.573954706,2254979.3280511713,2274654.6111527095,2650698.5585388374,3463965.3741911375
1,Tears,1,4g,bba,133,0.5109519958496094,0.505135,0.0022508898495577504,0.002405404761904761904761904762,5036637.533279082,2573480.0,228,211,1528.2544518660347,1537.2674793949259,0.3815495596776098,291.73522162199026,35.576895236968994,256.0,257.0,257.0,257.0,257.0,1307.9999999999973,2948.0,2948.0,2948.0,2185975.708481549,2250929.932410841,2340072.1574637527,2466449.5380691458,2488619.2362411693,2502947.3922867114,3706854.028780126,4823981.621978513,5157320.269865181
1,Tears,1,4g,bba,134,0.00557398796081543,0,0.002786993980407715,0,2461433.375251294,13720.0,3,1,729.2701069486455,0.0,0.003069427013397217,0.017055532932281504,0.007096052169799805,53.6,55.2,56.8,58.4,60.0,368.5999999999999,677.1999999999998,985.8000000000002,1294.4,176208.1227645014,191669.57612483666,207131.02948517192,222592.4828455072,238053.93620584247,253515.38956617774,268976.842926513,284438.29628684826,299899.7496471835
1,Tears,1,4g,bba,135,0.7772011756896973,0.777201,0.04090532503629986,0.097150125,29696.300934592055,23080.0,20,9,101.98621230342854,0.0,0.059954852828313004,6.628678262233736,4.9682300090789795,52.0,52.0,52.0,52.0,52.0,257.0,257.0,257.0,257.0,28448.127730403325,30232.347211458014,37261.8999257472,62886.84103891061,249837.81976954328,1770954.585812397,2423678.270155123,2523148.063696254,2751387.655694542
1,Tears,1,4g,bba,136,0.6441891193389893,0.644189,0.03220945596694946,0.0460135,51748.778424271586,33336.0,21,15,92.60956004778825,0.0,0.072037902770403,7.411818671226503,5.567281246185303,52.0,52.0,257.0,257.0,257.0,257.0,257.0,257.0,257.0,50413.32202634385,52446.457051389225,53048.90230200797,67690.47775084156,73345.49295201348,100691.21729825277,682975.0721702629,1950930.4763637695,2169262.2951992373
1,Tears,1,4g,bba,137,0.9455649852752686,0.945565,0.09455649852752686,0.1050627777777777777777777778,22183.562554289765,20976.0,11,10,58.933356394047074,0.0,2.031356729493787,4.431767454147339,4.0007243156433105,257.0,257.0,257.0,257.0,257.0,257.0,257.0,257.0,257.0,9588.379453411082,13599.162905232635,18373.59861517117,20657.31753135338,23846.4166621738,26992.532136540354,29516.415247106146,35328.88177714502,40841.13339411458
1,Tears,1,4g,bba,138,0.7532711029052734,0.630014,0.005124293217042677,0.004468184397163120567375886525,2125248.1262397734,1600888.0,148,142,1319.3395703495237,1319.0605356604217,0.30892802443939066,152.61304716110243,45.76052165031433,257.0,257.0,257.0,257.0,257.0,2546.4000000000015,2948.0,2948.0,2948.0,226293.46349760485,407211.6402634498,557533.3889172572,637714.3038552814,736936.2213076012,833380.6162697535,1329960.8920158413,1750903.1604954046,1949919.7856117133
1,Tears,1,4g,bba,139,0.13050484657287598,0.130505,0.0027188509702682495,0.002837065217391304347826086957,8185688.33306478,1068272.0,49,47,658.4235865499361,367.3532362469091,0.2486923919584475,15.432596654891976,4.191815376281738,2032.8000000000004,2948.0,2948.0,2948.0,2948.0,2948.0,2948.0,2948.0,2948.0,5084625.267949145,5224448.774037753,5277067.912613509,5326430.368485408,5369571.731541144,5454615.796223959,5786544.087630124,6546346.834037102,7297430.136643159
